{
    "first_non_none_left": {
        "0": [
            0.5701340108447605,
            0.9254463587866889,
            0
        ],
        "1": [
            0.5419992844263712,
            0.8912224663628473,
            0
        ],
        "2": [
            0.5087941461139255,
            0.8747069941626654,
            0
        ],
        "3": [
            0.4812094243367513,
            0.8719460286034478,
            0
        ],
        "4": [
            0.4603893379370372,
            0.8752896446651883,
            0
        ],
        "5": [
            0.4967411657174428,
            0.9066602818171182,
            0
        ],
        "6": [
            0.4594160078631507,
            0.9141682198312547,
            0
        ],
        "7": [
            0.45282431840896603,
            0.912611854341295,
            0
        ],
        "8": [
            0.4527227889166938,
            0.9098687436845566,
            0
        ],
        "9": [
            0.49935692124896575,
            0.9319392519527012,
            0
        ],
        "10": [
            0.46218078798717926,
            0.9376012081570096,
            0
        ],
        "11": [
            0.45575203273031445,
            0.9329026590453253,
            0
        ],
        "12": [
            0.4556537403000725,
            0.9273211820920308,
            0
        ],
        "13": [
            0.5033633614910974,
            0.9525074587927924,
            0
        ],
        "14": [
            0.4678054269154866,
            0.9570006526841057,
            0
        ],
        "15": [
            0.46147779451476206,
            0.9523911301294964,
            0
        ],
        "16": [
            0.46135794162750243,
            0.9469116168551975,
            0
        ],
        "17": [
            0.5076610920164321,
            0.9684465750058492,
            0
        ],
        "18": [
            0.47825529482629564,
            0.9721203623877631,
            0
        ],
        "19": [
            0.47062259859508937,
            0.9672958821720546,
            0
        ],
        "20": [
            0.46854847550392154,
            0.9621751851505703,
            0
        ]
    },
    "first_non_none_right": {
        "0": [
            0.4048780490292443,
            0.9178002307150099,
            0
        ],
        "1": [
            0.4346304325262705,
            0.8955376029014587,
            0
        ],
        "2": [
            0.46983289294772673,
            0.8850716325971816,
            0
        ],
        "3": [
            0.4999948297606574,
            0.8875005533960131,
            0
        ],
        "4": [
            0.5225213115745121,
            0.8904360400305854,
            0
        ],
        "5": [
            0.4808263917764028,
            0.9005047631263733,
            0
        ],
        "6": [
            0.5229397806856367,
            0.9134875358475579,
            0
        ],
        "7": [
            0.5332362482282851,
            0.9187192784415351,
            0
        ],
        "8": [
            0.5364052461253271,
            0.9211120671696132,
            0
        ],
        "9": [
            0.4755226944552528,
            0.9209321506818137,
            0
        ],
        "10": [
            0.5192491106192271,
            0.9373049280378555,
            0
        ],
        "11": [
            0.5304143533441755,
            0.9412588633431328,
            0
        ],
        "12": [
            0.5349230968952179,
            0.9418126466539171,
            0
        ],
        "13": [
            0.46893172608481515,
            0.9381741004519992,
            0
        ],
        "14": [
            0.5092576014995575,
            0.9552759422196283,
            0
        ],
        "15": [
            0.5201413782437642,
            0.9581246142917209,
            0
        ],
        "16": [
            0.5252118768956926,
            0.9571577053599887,
            0
        ],
        "17": [
            0.461775815486908,
            0.9518622575865852,
            0
        ],
        "18": [
            0.49285944673750137,
            0.9643057507938808,
            0
        ],
        "19": [
            0.5030045370260874,
            0.9669863968425326,
            0
        ],
        "20": [
            0.5085607959164513,
            0.9661896501647101,
            0
        ]
    },
    "last_non_none_left": {
        "0": [
            0.5721977051099142,
            0.9229059251149495,
            0
        ],
        "1": [
            0.5434352992640602,
            0.8911823736296759,
            0
        ],
        "2": [
            0.5099276167816585,
            0.8749269024531047,
            0
        ],
        "3": [
            0.48246554493904115,
            0.8712052400906881,
            0
        ],
        "4": [
            0.46133572260538735,
            0.873650119834476,
            0
        ],
        "5": [
            0.500145630174213,
            0.9034025462468466,
            0
        ],
        "6": [
            0.4637541631857554,
            0.9117838928434584,
            0
        ],
        "7": [
            0.45386273079448275,
            0.9115215945243835,
            0
        ],
        "8": [
            0.4523333144187927,
            0.9092486919297113,
            0
        ],
        "9": [
            0.5029951975080702,
            0.9267246516545614,
            0
        ],
        "10": [
            0.4649819571442075,
            0.9333993673324584,
            0
        ],
        "11": [
            0.4548727387852139,
            0.9305063117874993,
            0
        ],
        "12": [
            0.453110458056132,
            0.9264192514949375,
            0
        ],
        "13": [
            0.5070038225915697,
            0.9463634957207573,
            0
        ],
        "14": [
            0.47001428418689306,
            0.9521778117285834,
            0
        ],
        "15": [
            0.46050154434310064,
            0.9491787812444898,
            0
        ],
        "16": [
            0.45839113619592453,
            0.9450493439038595,
            0
        ],
        "17": [
            0.5114716446399689,
            0.9622208701239692,
            0
        ],
        "18": [
            0.4802372648980882,
            0.9660189633899264,
            0
        ],
        "19": [
            0.4699710363811917,
            0.9631017629305522,
            0
        ],
        "20": [
            0.46611969219313726,
            0.9597072479459975,
            0
        ]
    },
    "last_non_none_right": {
        "0": [
            0.40492879364225604,
            0.9139658723937142,
            0
        ],
        "1": [
            0.433940423462126,
            0.8917167547014024,
            0
        ],
        "2": [
            0.46687778062290614,
            0.8808290068308513,
            0
        ],
        "3": [
            0.4958453294965956,
            0.8823241692119175,
            0
        ],
        "4": [
            0.5188707609971365,
            0.8843763661384583,
            0
        ],
        "5": [
            0.4727228090498183,
            0.8944712879922655,
            0
        ],
        "6": [
            0.5134985342290667,
            0.9070300173759461,
            0
        ],
        "7": [
            0.5270335145791373,
            0.9128582620620728,
            0
        ],
        "8": [
            0.5328147651089562,
            0.916228699684143,
            0
        ],
        "9": [
            0.46746397018432617,
            0.913439770274692,
            0
        ],
        "10": [
            0.5106019445260366,
            0.9298476235071819,
            0
        ],
        "11": [
            0.5252470948961047,
            0.9356038618087769,
            0
        ],